-- phpMyAdmin SQL Dump
-- version 5.1.0
-- https://www.phpmyadmin.net/
--
-- Host: 127.0.0.1
-- Generation Time: Nov 26, 2021 at 05:04 PM
-- Server version: 10.4.18-MariaDB
-- PHP Version: 8.0.5

SET SQL_MODE = "NO_AUTO_VALUE_ON_ZERO";
START TRANSACTION;
SET time_zone = "+00:00";


/*!40101 SET @OLD_CHARACTER_SET_CLIENT=@@CHARACTER_SET_CLIENT */;
/*!40101 SET @OLD_CHARACTER_SET_RESULTS=@@CHARACTER_SET_RESULTS */;
/*!40101 SET @OLD_COLLATION_CONNECTION=@@COLLATION_CONNECTION */;
/*!40101 SET NAMES utf8mb4 */;

--
-- Database: `book_shop_db`
--

-- --------------------------------------------------------

--
-- Table structure for table `cart`
--

CREATE TABLE `cart` (
  `id` int(30) NOT NULL,
  `client_id` int(30) NOT NULL,
  `inventory_id` int(30) NOT NULL,
  `price` double NOT NULL,
  `quantity` int(30) NOT NULL,
  `date_created` datetime NOT NULL DEFAULT current_timestamp()
) ENGINE=InnoDB DEFAULT CHARSET=utf8mb4;

--
-- Dumping data for table `cart`
--

INSERT INTO `cart` (`id`, `client_id`, `inventory_id`, `price`, `quantity`, `date_created`) VALUES
(4, 1, 1, 2500, 1, '2021-07-16 13:48:00');

-- --------------------------------------------------------

--
-- Table structure for table `categories`
--

CREATE TABLE `categories` (
  `id` int(30) NOT NULL,
  `category` varchar(250) NOT NULL,
  `description` text DEFAULT NULL,
  `status` tinyint(1) NOT NULL DEFAULT 1,
  `date_created` datetime NOT NULL DEFAULT current_timestamp()
) ENGINE=InnoDB DEFAULT CHARSET=utf8mb4;

--
-- Dumping data for table `categories`
--

INSERT INTO `categories` (`id`, `category`, `description`, `status`, `date_created`) VALUES
(1, 'Educational', '&lt;p style=&quot;margin-right: 0px; margin-bottom: 15px; margin-left: 0px; padding: 0px;&quot;&gt;Lorem ipsum dolor sit amet, consectetur adipiscing elit. Nullam non ultrices tortor. Sed at ligula non lectus tempor bibendum a nec ante. Maecenas iaculis vitae nisi eu dictum. Duis sit amet enim arcu. Etiam blandit vulputate magna, non lobortis velit pharetra vel. Morbi sollicitudin lorem sed augue suscipit, eu commodo tortor vulputate. Interdum et malesuada fames ac ante ipsum primis in faucibus. Pellentesque habitant morbi tristique senectus et netus et malesuada fames ac turpis egestas. Praesent eleifend interdum est, at gravida erat molestie in. Vestibulum et consectetur dui, ac luctus arcu. Curabitur et viverra elit. Cras ac eleifend ipsum, ac suscipit leo. Vivamus porttitor ac risus eu ultricies. Morbi malesuada mi vel luctus sagittis. Ut vestibulum porttitor est, id rutrum libero. Mauris at lacus vehicula, aliquam purus quis, pharetra lorem.&lt;/p&gt;&lt;p style=&quot;margin-right: 0px; margin-bottom: 15px; margin-left: 0px; padding: 0px;&quot;&gt;Proin consectetur massa ut quam molestie porta. Donec sit amet ligula odio. Class aptent taciti sociosqu ad litora torquent per conubia nostra, per inceptos himenaeos. Morbi ex sapien, pulvinar ac arcu at, luctus scelerisque nibh. In dolor velit, pellentesque eu blandit a, mollis ac neque. Fusce tortor lectus, aliquam et eleifend id, aliquet ut libero. Nunc scelerisque vulputate turpis quis volutpat. Vivamus malesuada sem in dapibus aliquam. Vestibulum imperdiet, nulla vitae pharetra pretium, magna felis placerat libero, quis tincidunt felis diam nec nisi. Sed scelerisque ullamcorper cursus. Suspendisse posuere, velit nec rhoncus cursus, urna sapien consectetur est, et lacinia odio leo nec massa. Nam vitae nunc vitae tortor vestibulum consequat ac quis risus. Sed finibus pharetra orci, id vehicula tellus eleifend sit amet.&lt;/p&gt;&lt;p style=&quot;margin-right: 0px; margin-bottom: 15px; margin-left: 0px; padding: 0px;&quot;&gt;Morbi id ante vel velit mollis egestas. Suspendisse pretium sem urna, vitae placerat turpis cursus faucibus. Ut dignissim molestie blandit. Phasellus pulvinar, eros id ultricies mollis, lectus velit viverra mi, at venenatis velit purus id nisi. Duis eu massa lorem. Curabitur sed nibh felis. Donec faucibus, nulla at faucibus blandit, mi justo efficitur dui, non mattis nisl purus non lacus. Maecenas vel congue tellus, in convallis nisi. Curabitur faucibus interdum massa, eu facilisis ligula pretium quis. Nunc eleifend orci nec volutpat tincidunt.&lt;/p&gt;', 1, '2021-07-16 09:08:44'),
(2, 'Fiction', '&lt;p&gt;Sample 102&lt;/p&gt;', 1, '2021-07-16 09:09:25'),
(3, 'Novels', '&lt;p&gt;Sample 103&lt;/p&gt;', 1, '2021-07-16 09:09:46'),
(4, 'Sample Category', '&lt;p&gt;Sample Category 104&lt;/p&gt;', 1, '2021-07-16 11:33:52'),
(5, 'Comic', '&lt;p&gt;Comic Only&lt;/p&gt;&lt;p&gt;&lt;br&gt;&lt;/p&gt;', 1, '2021-11-26 21:31:32'),
(6, 'Science', '&lt;p&gt;Science&lt;/p&gt;', 1, '2021-11-26 21:43:22');

-- --------------------------------------------------------

--
-- Table structure for table `clients`
--

CREATE TABLE `clients` (
  `id` int(30) NOT NULL,
  `firstname` varchar(250) NOT NULL,
  `lastname` varchar(250) NOT NULL,
  `gender` varchar(20) NOT NULL,
  `contact` varchar(15) NOT NULL,
  `email` varchar(250) NOT NULL,
  `password` text NOT NULL,
  `default_delivery_address` text NOT NULL,
  `date_created` datetime NOT NULL DEFAULT current_timestamp()
) ENGINE=InnoDB DEFAULT CHARSET=utf8mb4;

--
-- Dumping data for table `clients`
--

INSERT INTO `clients` (`id`, `firstname`, `lastname`, `gender`, `contact`, `email`, `password`, `default_delivery_address`, `date_created`) VALUES
(1, 'John', 'Smith', 'Male', '091023456789', 'jsmith@sample.com', '1254737c076cf867dc53d60a0364f38e', 'Sample Address', '2021-07-16 10:34:48'),
(2, 'Maung', 'Maung', 'Male', '0923232421', 'maung@gmail.com', '98f1ec6407d53bd1e0121a249b9f139e', 'YGN', '2021-11-26 21:07:48');

-- --------------------------------------------------------

--
-- Table structure for table `inventory`
--

CREATE TABLE `inventory` (
  `id` int(30) NOT NULL,
  `product_id` int(30) NOT NULL,
  `quantity` double NOT NULL,
  `price` float NOT NULL,
  `date_created` datetime NOT NULL DEFAULT current_timestamp(),
  `date_updated` datetime DEFAULT NULL ON UPDATE current_timestamp()
) ENGINE=InnoDB DEFAULT CHARSET=utf8mb4;

--
-- Dumping data for table `inventory`
--

INSERT INTO `inventory` (`id`, `product_id`, `quantity`, `price`, `date_created`, `date_updated`) VALUES
(1, 1, 50, 2500, '2021-07-16 10:02:39', NULL),
(2, 2, 20, 3500, '2021-07-16 10:09:08', NULL),
(3, 3, 10, 2500, '2021-07-16 12:05:54', NULL),
(4, 4, 50, 1999.99, '2021-07-16 13:12:10', NULL),
(5, 5, 35, 12000, '2021-11-26 21:47:18', NULL),
(6, 8, 20, 23000, '2021-11-26 21:47:34', NULL),
(7, 6, 35, 12000, '2021-11-26 21:47:49', NULL),
(8, 9, 25, 14000, '2021-11-26 21:48:07', NULL),
(9, 7, 20, 9500, '2021-11-26 21:48:22', NULL),
(10, 14, 15, 22000, '2021-11-26 21:48:38', NULL),
(11, 13, 20, 20000, '2021-11-26 21:48:50', NULL),
(12, 11, 40, 6500, '2021-11-26 21:49:43', NULL),
(13, 12, 25, 12000, '2021-11-26 21:50:00', NULL),
(14, 10, 30, 8500, '2021-11-26 21:50:29', NULL),
(15, 15, 50, 15000, '2021-11-26 22:00:09', NULL),
(16, 16, 30, 7500, '2021-11-26 22:00:36', NULL);

-- --------------------------------------------------------

--
-- Table structure for table `orders`
--

CREATE TABLE `orders` (
  `id` int(30) NOT NULL,
  `client_id` int(30) NOT NULL,
  `delivery_address` text NOT NULL,
  `payment_method` varchar(100) NOT NULL,
  `order_type` tinyint(1) NOT NULL COMMENT '1= pickup,2= deliver',
  `amount` double NOT NULL,
  `status` tinyint(2) NOT NULL DEFAULT 0,
  `paid` tinyint(1) NOT NULL DEFAULT 0,
  `date_created` datetime NOT NULL DEFAULT current_timestamp(),
  `date_updated` datetime DEFAULT NULL ON UPDATE current_timestamp()
) ENGINE=InnoDB DEFAULT CHARSET=utf8mb4;

--
-- Dumping data for table `orders`
--

INSERT INTO `orders` (`id`, `client_id`, `delivery_address`, `payment_method`, `order_type`, `amount`, `status`, `paid`, `date_created`, `date_updated`) VALUES
(1, 1, 'Sample Address', 'Online Payment', 2, 8500, 0, 1, '2021-07-16 11:14:58', NULL),
(4, 1, 'Sample Address', 'Online Payment', 2, 5000, 5, 1, '2021-07-16 13:13:42', '2021-07-16 13:52:56');

-- --------------------------------------------------------

--
-- Table structure for table `order_list`
--

CREATE TABLE `order_list` (
  `id` int(30) NOT NULL,
  `order_id` int(30) NOT NULL,
  `product_id` int(30) NOT NULL,
  `quantity` int(30) NOT NULL,
  `price` double NOT NULL,
  `total` double NOT NULL
) ENGINE=InnoDB DEFAULT CHARSET=utf8mb4;

--
-- Dumping data for table `order_list`
--

INSERT INTO `order_list` (`id`, `order_id`, `product_id`, `quantity`, `price`, `total`) VALUES
(1, 1, 2, 1, 3500, 3500),
(2, 1, 1, 2, 2500, 5000),
(3, 4, 3, 2, 2500, 5000);

-- --------------------------------------------------------

--
-- Table structure for table `products`
--

CREATE TABLE `products` (
  `id` int(30) NOT NULL,
  `category_id` int(30) NOT NULL,
  `sub_category_id` int(30) NOT NULL,
  `title` varchar(250) NOT NULL,
  `author` text NOT NULL,
  `description` text NOT NULL,
  `status` tinyint(1) NOT NULL DEFAULT 1,
  `date_created` datetime NOT NULL DEFAULT current_timestamp()
) ENGINE=InnoDB DEFAULT CHARSET=utf8mb4;

--
-- Dumping data for table `products`
--

INSERT INTO `products` (`id`, `category_id`, `sub_category_id`, `title`, `author`, `description`, `status`, `date_created`) VALUES
(1, 1, 1, 'The Joy of PHP: A Beginner\\\'s Guide to Programming', 'Alan Forbes', '&lt;p&gt;&lt;span style=\\\\\\&quot;text-align: justify;\\\\\\&quot;&gt;Lorem ipsum dolor sit amet, consectetur adipiscing elit. Nullam non ultrices tortor. Sed at ligula non lectus tempor bibendum a nec ante. Maecenas iaculis vitae nisi eu dictum. Duis sit amet enim arcu. Etiam blandit vulputate magna, non lobortis velit pharetra vel. Morbi sollicitudin lorem sed augue suscipit, eu commodo tortor vulputate. Interdum et malesuada fames ac ante ipsum primis in faucibus. Pellentesque habitant morbi tristique senectus et netus et malesuada fames ac turpis egestas. Praesent eleifend interdum est, at gravida erat molestie in. Vestibulum et consectetur dui, ac luctus arcu. Curabitur et viverra elit. Cras ac eleifend ipsum, ac suscipit leo. Vivamus porttitor ac risus eu ultricies. Morbi malesuada mi vel luctus sagittis. Ut vestibulum porttitor est, id rutrum libero. Mauris at lacus vehicula, aliquam purus quis, pharetra lorem.&lt;/span&gt;&lt;br&gt;&lt;/p&gt;', 1, '2021-07-16 09:43:11'),
(2, 1, 1, 'Modern PHP: New Features and Good Practices', 'Josh Lockhart', '&lt;p&gt;&lt;span style=\\\\\\\\\\\\\\&quot;text-align: justify;\\\\\\\\\\\\\\&quot;&gt;Proin consectetur massa ut quam molestie porta. Donec sit amet ligula odio. Class aptent taciti sociosqu ad litora torquent per conubia nostra, per inceptos himenaeos. Morbi ex sapien, pulvinar ac arcu at, luctus scelerisque nibh. In dolor velit, pellentesque eu blandit a, mollis ac neque. Fusce tortor lectus, aliquam et eleifend id, aliquet ut libero. Nunc scelerisque vulputate turpis quis volutpat. Vivamus malesuada sem in dapibus aliquam. Vestibulum imperdiet, nulla vitae pharetra pretium, magna felis placerat libero, quis tincidunt felis diam nec nisi. Sed scelerisque ullamcorper cursus. Suspendisse posuere, velit nec rhoncus cursus, urna sapien consectetur est, et lacinia odio leo nec massa. Nam vitae nunc vitae tortor vestibulum consequat ac quis risus. Sed finibus pharetra orci, id vehicula tellus eleifend sit amet.&lt;/span&gt;&lt;br&gt;&lt;/p&gt;', 1, '2021-07-16 10:08:53'),
(3, 1, 2, 'English Grammar in Use', 'Raymond Murphy, Surai Pongtongcharoen', '&lt;p&gt;&lt;span style=\\&quot;text-align: justify;\\&quot;&gt;Lorem ipsum dolor sit amet, consectetur adipiscing elit. Nullam non ultrices tortor. Sed at ligula non lectus tempor bibendum a nec ante. Maecenas iaculis vitae nisi eu dictum. Duis sit amet enim arcu. Etiam blandit vulputate magna, non lobortis velit pharetra vel. Morbi sollicitudin lorem sed augue suscipit, eu commodo tortor vulputate. Interdum et malesuada fames ac ante ipsum primis in faucibus. Pellentesque habitant morbi tristique senectus et netus et malesuada fames ac turpis egestas. Praesent eleifend interdum est, at gravida erat molestie in. Vestibulum et consectetur dui, ac luctus arcu. Curabitur et viverra elit. Cras ac eleifend ipsum, ac suscipit leo. Vivamus porttitor ac risus eu ultricies. Morbi malesuada mi vel luctus sagittis. Ut vestibulum porttitor est, id rutrum libero. Mauris at lacus vehicula, aliquam purus quis, pharetra lorem.&lt;/span&gt;&lt;br&gt;&lt;/p&gt;', 1, '2021-07-16 12:03:08'),
(4, 1, 2, 'English Grammar for Dummies', 'Geraldine Woods', '&lt;p style=\\&quot;margin-right: 0px; margin-bottom: 15px; margin-left: 0px; padding: 0px;\\&quot;&gt;Ut et urna sapien. Nulla lacinia sagittis felis id cursus. Etiam eget lacus quis enim aliquet dignissim. Nulla vel elit ultrices, venenatis quam sed, rutrum magna. Pellentesque ultricies non lorem hendrerit vestibulum. Maecenas lacinia pharetra nisi, at pharetra nunc placerat nec. Maecenas luctus dolor in leo malesuada, vel aliquet metus sollicitudin. Curabitur sed pellentesque sem, in tincidunt mi. Aliquam sodales aliquam felis, eget tristique felis dictum at. Proin leo nisi, malesuada vel ex eu, dictum pellentesque mauris. Quisque sit amet varius augue.&lt;/p&gt;&lt;p style=\\&quot;margin-right: 0px; margin-bottom: 15px; margin-left: 0px; padding: 0px;\\&quot;&gt;Sed quis imperdiet est. Donec lobortis tortor id neque tempus, vel faucibus lorem mollis. Fusce ut sollicitudin risus. Aliquam iaculis tristique nunc vel feugiat. Sed quis nulla non dui ornare porttitor eu vitae nisi. Curabitur at quam ut libero convallis mattis vel eget mauris. Vivamus vitae lectus ligula. Nulla facilisi. Vivamus tristique maximus nulla, vel mollis felis blandit posuere. Curabitur mi risus, rutrum non magna at, molestie gravida magna. Aenean neque sapien, volutpat a ullamcorper nec, iaculis quis est.&lt;/p&gt;', 1, '2021-07-16 13:11:17'),
(5, 5, 8, '75 YEARS OF MARVEL', 'TASHIN', '&lt;p&gt;Marvel_Comic&lt;/p&gt;', 1, '2021-11-26 21:34:42'),
(6, 5, 8, 'Marvel_Comic', 'Stan Lee', '', 1, '2021-11-26 21:36:24'),
(7, 2, 4, 'RON CHERNOW', 'ALEXANDER HAMILION', '', 1, '2021-11-26 21:38:07'),
(8, 5, 9, 'HARRY POTTER & THE  GOBLET OF FIRE', 'J.K.ROWLING', '', 1, '2021-11-26 21:39:11'),
(9, 2, 4, 'MEDITATION AND ITS METHODS ', 'Dr.Vivek', '', 1, '2021-11-26 21:40:18'),
(10, 3, 5, 'THE PERFECT NNANNY', 'LEILA SLIMANI', '', 1, '2021-11-26 21:41:42'),
(11, 3, 6, 'THE BOOK OF GOD', 'WALTER WANGERIN JR', '', 1, '2021-11-26 21:42:35'),
(12, 6, 10, 'THE EQUATION OF KNOWLEDGE', 'Le^ Nguyen Hoang', '', 1, '2021-11-26 21:45:14'),
(13, 6, 10, 'THE ASCENT OF GRAVITY', 'MARCUS CHOWN', '', 1, '2021-11-26 21:45:57'),
(14, 6, 10, 'SCIENCE IN THE SOUL', 'RICHARD DAWKINS', '', 1, '2021-11-26 21:46:48'),
(15, 3, 11, 'TRUE LOVE STORY', 'WILLOW ASTER', '', 1, '2021-11-26 21:56:12'),
(16, 3, 11, 'A BILLIONAIRE\\\'S LOVE STORY', 'J.M.CAGLE', '&lt;p&gt;&lt;br&gt;&lt;/p&gt;', 1, '2021-11-26 21:57:21');

-- --------------------------------------------------------

--
-- Table structure for table `sales`
--

CREATE TABLE `sales` (
  `id` int(30) NOT NULL,
  `order_id` int(30) NOT NULL,
  `total_amount` double NOT NULL,
  `date_created` datetime NOT NULL DEFAULT current_timestamp()
) ENGINE=InnoDB DEFAULT CHARSET=utf8mb4;

--
-- Dumping data for table `sales`
--

INSERT INTO `sales` (`id`, `order_id`, `total_amount`, `date_created`) VALUES
(1, 3, 8500, '2021-07-16 11:18:12'),
(2, 4, 5000, '2021-07-16 13:13:42');

-- --------------------------------------------------------

--
-- Table structure for table `sub_categories`
--

CREATE TABLE `sub_categories` (
  `id` int(30) NOT NULL,
  `parent_id` int(30) NOT NULL,
  `sub_category` varchar(250) NOT NULL,
  `description` text NOT NULL,
  `status` tinyint(1) NOT NULL DEFAULT 1,
  `date_created` datetime NOT NULL DEFAULT current_timestamp()
) ENGINE=InnoDB DEFAULT CHARSET=utf8mb4;

--
-- Dumping data for table `sub_categories`
--

INSERT INTO `sub_categories` (`id`, `parent_id`, `sub_category`, `description`, `status`, `date_created`) VALUES
(1, 1, 'Programming', '&lt;p&gt;Sample Sub Category&lt;/p&gt;', 1, '2021-07-16 09:10:44'),
(2, 1, 'Grammar', '&lt;p&gt;Sample Sub 102&lt;/p&gt;', 1, '2021-07-16 09:11:05'),
(3, 2, 'Literary', '&lt;p&gt;Sample Sub 103&lt;/p&gt;', 1, '2021-07-16 09:11:36'),
(4, 2, 'Historical', '&lt;p&gt;Sample 104&lt;/p&gt;', 1, '2021-07-16 09:12:51'),
(5, 3, 'Fantasy', '&lt;p&gt;Sample Sub 105&lt;/p&gt;', 1, '2021-07-16 09:13:28'),
(6, 3, 'Action and Adventure', '&lt;p&gt;Sample Sub 106&lt;/p&gt;', 1, '2021-07-16 09:13:49'),
(7, 4, 'Sub Cat 101', '&lt;p&gt;Sample Sub 107&lt;/p&gt;', 1, '2021-07-16 11:34:22'),
(8, 5, 'Marvel_Comic', '', 1, '2021-11-26 21:32:34'),
(9, 5, 'Harry_Potter_Comic', '', 1, '2021-11-26 21:32:51'),
(10, 6, 'Science', '', 1, '2021-11-26 21:44:00'),
(11, 3, 'Love Story', '', 1, '2021-11-26 21:52:34');

-- --------------------------------------------------------

--
-- Table structure for table `system_info`
--

CREATE TABLE `system_info` (
  `id` int(30) NOT NULL,
  `meta_field` text NOT NULL,
  `meta_value` text NOT NULL
) ENGINE=InnoDB DEFAULT CHARSET=utf8mb4;

--
-- Dumping data for table `system_info`
--

INSERT INTO `system_info` (`id`, `meta_field`, `meta_value`) VALUES
(1, 'name', 'Online Book Shop'),
(6, 'short_name', 'AOTK'),
(11, 'logo', 'uploads/1626397500_book_logo.jpg'),
(13, 'user_avatar', 'uploads/user_avatar.jpg'),
(14, 'cover', 'uploads/1626397620_books.jpg');

-- --------------------------------------------------------

--
-- Table structure for table `users`
--

CREATE TABLE `users` (
  `id` int(50) NOT NULL,
  `firstname` varchar(250) NOT NULL,
  `lastname` varchar(250) NOT NULL,
  `username` text NOT NULL,
  `password` text NOT NULL,
  `avatar` text DEFAULT NULL,
  `last_login` datetime DEFAULT NULL,
  `type` tinyint(1) NOT NULL DEFAULT 0,
  `date_added` datetime NOT NULL DEFAULT current_timestamp(),
  `date_updated` datetime DEFAULT NULL ON UPDATE current_timestamp()
) ENGINE=InnoDB DEFAULT CHARSET=utf8mb4;

--
-- Dumping data for table `users`
--

INSERT INTO `users` (`id`, `firstname`, `lastname`, `username`, `password`, `avatar`, `last_login`, `type`, `date_added`, `date_updated`) VALUES
(1, 'Adminstrator', 'Admin', 'admin', '0192023a7bbd73250516f069df18b500', 'uploads/1624240500_avatar.png', NULL, 1, '2021-01-20 14:02:37', '2021-06-21 09:55:07'),
(4, 'John', 'Smith', 'jsmith', '1254737c076cf867dc53d60a0364f38e', NULL, NULL, 0, '2021-06-19 08:36:09', '2021-06-19 10:53:12'),
(5, 'Claire', 'Blake', 'cblake', '4744ddea876b11dcb1d169fadf494418', NULL, NULL, 0, '2021-06-19 10:01:51', '2021-06-19 12:03:23');

--
-- Indexes for dumped tables
--

--
-- Indexes for table `cart`
--
ALTER TABLE `cart`
  ADD PRIMARY KEY (`id`);

--
-- Indexes for table `categories`
--
ALTER TABLE `categories`
  ADD PRIMARY KEY (`id`);

--
-- Indexes for table `clients`
--
ALTER TABLE `clients`
  ADD PRIMARY KEY (`id`);

--
-- Indexes for table `inventory`
--
ALTER TABLE `inventory`
  ADD PRIMARY KEY (`id`);

--
-- Indexes for table `orders`
--
ALTER TABLE `orders`
  ADD PRIMARY KEY (`id`);

--
-- Indexes for table `order_list`
--
ALTER TABLE `order_list`
  ADD PRIMARY KEY (`id`);

--
-- Indexes for table `products`
--
ALTER TABLE `products`
  ADD PRIMARY KEY (`id`);

--
-- Indexes for table `sales`
--
ALTER TABLE `sales`
  ADD PRIMARY KEY (`id`);

--
-- Indexes for table `sub_categories`
--
ALTER TABLE `sub_categories`
  ADD PRIMARY KEY (`id`);

--
-- Indexes for table `system_info`
--
ALTER TABLE `system_info`
  ADD PRIMARY KEY (`id`);

--
-- Indexes for table `users`
--
ALTER TABLE `users`
  ADD PRIMARY KEY (`id`);

--
-- AUTO_INCREMENT for dumped tables
--

--
-- AUTO_INCREMENT for table `cart`
--
ALTER TABLE `cart`
  MODIFY `id` int(30) NOT NULL AUTO_INCREMENT, AUTO_INCREMENT=6;

--
-- AUTO_INCREMENT for table `categories`
--
ALTER TABLE `categories`
  MODIFY `id` int(30) NOT NULL AUTO_INCREMENT, AUTO_INCREMENT=7;

--
-- AUTO_INCREMENT for table `clients`
--
ALTER TABLE `clients`
  MODIFY `id` int(30) NOT NULL AUTO_INCREMENT, AUTO_INCREMENT=3;

--
-- AUTO_INCREMENT for table `inventory`
--
ALTER TABLE `inventory`
  MODIFY `id` int(30) NOT NULL AUTO_INCREMENT, AUTO_INCREMENT=17;

--
-- AUTO_INCREMENT for table `orders`
--
ALTER TABLE `orders`
  MODIFY `id` int(30) NOT NULL AUTO_INCREMENT, AUTO_INCREMENT=5;

--
-- AUTO_INCREMENT for table `order_list`
--
ALTER TABLE `order_list`
  MODIFY `id` int(30) NOT NULL AUTO_INCREMENT, AUTO_INCREMENT=4;

--
-- AUTO_INCREMENT for table `products`
--
ALTER TABLE `products`
  MODIFY `id` int(30) NOT NULL AUTO_INCREMENT, AUTO_INCREMENT=17;

--
-- AUTO_INCREMENT for table `sales`
--
ALTER TABLE `sales`
  MODIFY `id` int(30) NOT NULL AUTO_INCREMENT, AUTO_INCREMENT=3;

--
-- AUTO_INCREMENT for table `sub_categories`
--
ALTER TABLE `sub_categories`
  MODIFY `id` int(30) NOT NULL AUTO_INCREMENT, AUTO_INCREMENT=12;

--
-- AUTO_INCREMENT for table `system_info`
--
ALTER TABLE `system_info`
  MODIFY `id` int(30) NOT NULL AUTO_INCREMENT, AUTO_INCREMENT=15;

--
-- AUTO_INCREMENT for table `users`
--
ALTER TABLE `users`
  MODIFY `id` int(50) NOT NULL AUTO_INCREMENT, AUTO_INCREMENT=6;
COMMIT;

/*!40101 SET CHARACTER_SET_CLIENT=@OLD_CHARACTER_SET_CLIENT */;
/*!40101 SET CHARACTER_SET_RESULTS=@OLD_CHARACTER_SET_RESULTS */;
/*!40101 SET COLLATION_CONNECTION=@OLD_COLLATION_CONNECTION */;
